titre,date,presentateurs,chaines,description,slug,catégiorie,exclu play,,,,,,,,,,,,,,
Exemple émission,2 septembre,"Ophélie,Eddy,Arnaud","tvi,play,contact,plug",Blablablabla,exemple-emission,exemple,v,,,,,,,,,,,,,,
Dans votre canap,,Sophie Pendeville,"tvi,plug",,canap,nouvelle-emissions,,,,,,,,,,,,,,,
Bertand Caroy en Patrouille,,Bertrand Caroy,"tvi,play","Bertrand Caroy quitte son Hainaut natal pour s’immerger quelques jours au sein des forces de police aux quatre coins du monde. En patrouillant aux côtés de ses nouveaux collègues, il partage leur quotidien, participe à des interventions, fait des interpellations et vit des missions improbables. De nouvelles amitiés et des apprentissages uniques l'attendent à chaque destination. Ces voyages hors du commun emmènent le premier inspecteur borain au cœur des forces de police du Canada, de l'Espagne ou encore de Dubaï, avec un nouvel uniforme à chaque étape ! ",bartrandpatrouille,nouvelle-emissions,,,,,,,,,,,,,,,
Le Phone,,Vincenzo Ciuro,"tvi,play","Dans une ville, deux inconnus répondent à un appel qui va bouleverser leur quotidien. Vincenzo Ciuro, à l'autre bout du fil, leur lance un défi audacieux : tout abandonner immédiatement pour une aventure qui pourrait leur rapporter jusqu'à 25.000 euros. Jusqu'où seront-ils prêts à aller pour saisir cette opportunité ? Confrontés à leurs dilemmes, peurs et ambitions, ces deux participants verront leurs chemins, jusque-là distincts, se croiser de manière surprenante, les entraînant dans une aventure pleine de suspense, de défis et d’émotions. Leur audace, curiosité et détermination seront-elles récompensées ? Décrocher ce téléphone pourrait bien changer leur vie !  ",phone,nouvelle-emissions,,,,,,,,,,,,,,,
La Guerre des Voisins,,Benjamin Maréchal,"tvi,play","Un Belge sur trois a déjà eu des problèmes avec ses voisins, mais certains conflits dégénèrent en véritables guerres. ""La Guerre des Voisins"" s'intéresse à ces querelles qui empoisonnent la vie quotidienne. Tapages nocturnes, nuisances sonores ou olfactives, disputes de mitoyenneté, insultes, menaces, voire violences : les conflits de voisinage ont augmenté de 64 % en cinq ans. Benjamin Maréchal et son équipe interviennent pour tenter de rétablir la paix. ",voisins,nouvelle-emissions,,,,,,,,,,,,,,,
Golden Bachelor,,Stéphane Rotenberg,"tvi,play","À l’heure où les seniors se montrent sans artifices et assument leur âge, cette émission leur propose de retrouver l’amour pour prouver qu’après 60 ans, la séduction existe bel et bien. Une ode à l’amour et un pied de nez aux diktats ! Vous allez rencontrer un Bachelor mature, sage, qui s’est bonifié avec le temps ! Il a la soixantaine et cherche l’amour avec une femme de son âge. Dans l’émission, vous allez aussi découvrir des femmes accomplies, indépendantes qui savent ce qu’elles veulent. Le maitre-mot : il n’est jamais trop tard pour (re)trouver l’amour ! ",bachelor,nouvelle-emissions,,,,,,,,,,,,,,,
"Pékin Express, L'épopée des maharajas",,Stéphane Rotenberg,,"La course d’aventure emblématique est de retour pour une saison exceptionnelle avec 7 binômes stars du programme. C’est au cœur de l’Inde et de la région du Rajasthan que les candidats découvriront les surprises que leur réserve ce pays. C’est au pied du célèbre Taj Mahal, l’une des sept merveilles du monde moderne, que débutera cette course effrénée. ",pekin,evenementielles,,,,,,,,,,,,,,,
Zorro,,Jean Dujardin,"tvi,play","En 1821, Don Diego de la Vega devient maire de sa bien-aimée ville de Los Angeles qu’il compte bien faire prospérer. Cependant, la municipalité est confrontée à des problèmes financiers du fait de l'avidité d'un homme d'affaires local, Don Emmanuel, face auquel les pouvoirs du maire s’avèrent insuffisants pour combattre l’injustice. Diego n'a pas fait appel à son double Zorro depuis 20 ans. Mais au nom de l’intérêt général, il n'a plus d'autre choix que de ressortir son masque et son épée. Très vite, Diego va rencontrer des difficultés à concilier sa double identité de Zorro et de maire, ce qui met à rude épreuve son mariage avec Gabriella, qui ignore son secret. Diego pourra-t-il sauver son mariage et sa santé mentale au milieu du chaos ? 

Une série créée par Benjamin Charbit et Noé Debré, composée de 8 épisodes de 40 minutes et réalisée par Jean-Baptiste Saurel et Emilie Noblet. 

Une coproduction Paramount +/France Télévisions/RTL Belgium. ",zorro,les-series,,,,,,,,,,,,,,,
Cat's Eyes,,"Camille Lou,Constance Labbé,Claire Romain","tvi,play","Vous les attendiez, elles sont là ! En 2023, dans la ville Lumière, Tam (Camille Lou), Sylia (Constance Labbé) et Alexia (Claire Romain) se retrouvent après des années de séparation. Au même moment, une œuvre ayant appartenu à leur père disparu dix ans plus tôt dans le mystérieux incendie de sa galerie d’art resurgit lors d’une prestigieuse exposition à la Tour Eiffel. Elles décident alors de prendre tous les risques pour la dérober dans l’espoir de comprendre enfin ce qui lui est arrivé. ",cats,les-series,,,,,,,,,,,,,,,
Monsieur Parizot,Le 8 septembre à 20h40,,"tvi,play",,parizot,les-series,,,,,,,,,,,,,,,
Camping Paradis,,,"tvi,play",,camping,les-series,,,,,,,,,,,,,,,
Panda - Saison 2,,Julien Doré,"tvi,play",,panda,les-series,,,,,,,,,,,,,,,
Le Nounou,,Booder,"tvi,play",,nounou,les-series,,,,,,,,,,,,,,,
Plus belle la vie : encore plus belle,,,"tvi,play",,pblv,les-series,,,,,,,,,,,,,,,
Frères Rivaux,Le 2 septembre,,play,"Après Fatmagül et Innocence, une nouvelle télénovela turque débarque sur RTL play. 

Frères rivaux raconte l'histoire intense de deux frères, Kamal et Karim, engagés dans une lutte sans merci, unis par un terrible secret qui les sépare inexorablement. Leur seul lien : la grandeur de leurs ambitions et leur amour pour... la même femme. ",freres,les-series,v,,,,,,,,,,,,,,
Blacksails,Le 4 septembre,,play,"Découvrez les aventures du capitaine Flint vingt ans avant les événements du roman L'île au trésor de Robert Louis Stevenson. Au XVIIIe siècle, en plein âge d'or de la piraterie, le capitaine Flint domine les Caraïbes. Mais tandis que les pirates transforment l'ancienne colonie britannique de New Providence en un repaire de débauche, la flotte royale se prépare à reprendre le contrôle du territoire... 

Série disponible en intégralité ",blacksails,les-series,v,,,,,,,,,,,,,,
Harper Island,Le 16 septembre,,play,"À l'occasion d'un mariage, famille et amis se rassemblent sur une île au large de Seattle, tristement célèbre pour un massacre survenu sept ans plus tôt. Alors que les festivités commencent, nul ne se doute encore de l'horreur qui les guette. Les amitiés sont mises à l'épreuve et les secrets refont surface lorsque des corps commencent à s'accumuler. Ce qui devait être un week-end festif se transforme en une lutte désespérée pour survivre... 

Série disponible en intégralité ",harper,les-series,v,,,,,,,,,,,,,,
Night Shift,Le 25 septembre,,play,"Night Shift suit les aventures d'une équipe de médecins travaillant aux urgences de nuit dans un hôpital de San Antonio, au Texas. Composée en grande partie de vétérans de guerre, cette équipe est habituée aux situations les plus extrêmes. Parmi eux, on retrouve Eoin Macken (Les Tudors), Jill Flint (The Good Wife), et Brendan Fehr (Bones). 

Série disponible en intégralité ",nightshift,les-series,v,,,,,,,,,,,,,,
"Astérix & Obélix, l'Empire du Milieu",,,"tvi,play",,asterix,les-films,,,,,,,,,,,,,,,
Ticket to paradise,,,"tvi,play",,ticket,les-films,,,,,,,,,,,,,,,
"X-Men, dark Phoenix",,,"tvi,play",,darkphoenix,les-films,,,,,,,,,,,,,,,
I wanna Dance,,,"tvi,play",,dance,les-films,,,,,,,,,,,,,,,
Novembre,,,"tvi,play",,novembre,les-films,,,,,,,,,,,,,,,
Babylon,Le 12 septembre à 20h30,,"tvi,play",,babylon,les-films,,,,,,,,,,,,,,,
Ténor,,,"tvi,play",,tenor,les-films,,,,,,,,,,,,,,,
Donjons & Dragons,,,"tvi,play",,donjons,les-films,,,,,,,,,,,,,,,
Le Samaritain,,Sylvester Stallone,"tvi,play",,samaritain,les-films,,,,,,,,,,,,,,,
Un crime parfait ?,,Julie Denayer,"tvi,play","Meurtres irrésolus, grand banditisme, faux coupables, crimes passionnels, disparitions… Julie Denayer revient sur plus grandes enquêtes judiciaires de ces dernières années. Découvrez les histoires criminelles les plus marquantes sous un angle nouveau avec un décryptage inédit, des témoignages exclusifs et de nouveaux éléments.",crime-parfait,crime,,,,,,,,,,,,,,,
Intimes Convictions,,"Julie Denayer,Denis Goeman ","tvi,play","""Intime Conviction"" vous transporte au cœur des affaires belges et françaises les plus marquantes. Chaque épisode dévoile un nouvel éclairage grâce aux témoignages exclusifs des principaux protagonistes et de leurs proches, révélant des détails et des perspectives rarement explorés. 

Avec l'expertise du juge Denis Goeman, vous êtes guidés à travers les moments clés et les défis de ces enquêtes judiciaires. De la collecte des témoignages aux stratégies d’enquête, en passant par les éléments cruciaux qui ont influencé le verdict final, ""Intime Conviction"" vous révèle les rouages cachés de la justice. 

Sujet de la première affaire : “Alexia, Autopsie d’un féminicide” 

Parce que la mort d’Alexia Daval a bouleversé tout un pays, parce qu’elle a été l’affaire la plus médiatisée depuis l’affaire Grégory, parce qu’elle est ancrée dans une région et incarnée par une famille digne, forte, qui a tenu face à l’horreur et suscité l’admiration de tous, parce que le profil du meurtrier est inédit et que son scénario est machiavélique, parce que l’histoire d’Alexia est celle d’une femme battue à mort, elle n’est pas un simple fait divers. Elle est une histoire française. Une histoire universelle. ",intimes,crime,,,,,,,,,,,,,,,
Histoire de crimes,,"Luc Hennart,Alexandre Wilmotte,Gisèle Stuyck,Nathalie Gallant,Christophe Giltay","tvi,play","""Histoires de Crimes"" devient votre incontournable rendez-vous criminel sur RTL tvi. Chaque semaine, deux documentaires vous replongent dans les affaires criminelles les plus marquantes de ces dernières années en Belgique et en France... meurtres de sang-froid, règlements de compte, jalousie fatale ou encore infanticides. 

Pour décrypter ces histoires, une équipe d'experts belges reconnus partage son analyse. Parmi eux, Luc Hennart, magistrat à la retraite, Alexandre Wilmotte, Gisèle Stuyck et Nathalie Gallant, avocats pénalistes, ainsi que Christophe Giltay, journaliste judiciaire.  ",hist-crimes,crime,,,,,,,,,,,,,,,
Histoire de crimes : portraits de tueurs,,"Philippe Boxho,Nathalie Penning,Jessica Vanhaebost,Grégory Schmit,Samuel Leistedt,Oceane Gangi,Aurélien Partoune,Pierre Thys,Dominique Demoulin","tvi,play","Pour prolonger votre soirée “Histoires de Crimes”, RTL tvi vous propose un documentaire inédit qui vous emmène au cœur des histoires saisissantes de tueurs en série et de criminels multirécidivistes issus du monde entier. À travers des témoignages exclusifs d'enquêteurs, de membres de la famille des tueurs, de proches des victimes, de journalistes, et parfois même de survivants, nous tentons de comprendre les mécanismes sombres qui ont poussé ces hommes et ces femmes à commettre l'irréparable.  

Chaque semaine, grâce à des images d’archives, des reconstitutions et des témoignages exclusifs, ""Histoires de Crimes"" accueille de nouveaux experts. Parmi eux : Philippe Boxho, médecin légiste, Nathalie Penning, avocate pénaliste, Jessica Vanhaebost, médecin légiste, Grégory Schmit, médecin légiste, Samuel Leistedt, psychiatre, Oceane Gangi, criminologue, Aurélien Partoune, criminologue, Pierre Thys, psychologue et Dominique Demoulin, journaliste judiciaire. ",tueurs,crime,,,,,,,,,,,,,,,
Meurtre en Belgique,,Philippe Boxho,"tvi,play","""Meurtre en Belgique"" vous emmène au cœur des affaires criminelles belges, où la réalité dépasse souvent la fiction. Pour la première fois, des images et documents judiciaires authentiques seront dévoilés au public. Guidés par Philippe Boxho, vous découvrirez des témoignages saisissants de détectives, de juges d'instruction, de procureurs, de proches des victimes, et parfois des victimes elles-mêmes. ",meurtre,crime,,,,,,,,,,,,,,,
La Meilleure Friterie - Saison 2,,Loïc,"tvi,play","Le plus grand concours de friteries jamais organisé en Wallonie et à Bruxelles revient pour une seconde saison pleine de nouveautés, avec notre fou de cuisine préféré aux commandes : Loïc. Cette année, 12 frituristes de tous horizons vont s'affronter pendant six semaines. Ils seront évalués par un jury d'experts composé de Patrick et Fabienne de Corte, d'Arnaud Delvenne et de David Antoine. À leurs côtés, un Fan Bus rempli des 20 amateurs de frites les plus affutés du Royaume. Chaque frituriste sera soutenu par un ambassadeur de sa province, parmi lesquels Jean-Michel Zecca, Emilie Dupuis, Sandrine Corman, Sabrina Jacobs, Benjamin Maréchal et Sophie Pendeville. 

Qui succédera à Ben et Nati, vainqueurs de la 1ère saison de la Meilleure Friterie ? Réponse très bientôt ! ",friterie,tres-bientot,,,,,,,,,,,,,,,
L'amour est dans le pré,Dès le 15 septembre,Maria del Rio,"tvi,play","Pour cette nouvelle édition, ""L’amour est dans le pré"" accueille Maria Del Rio à la tête de la moisson 2024. Au printemps, ils nous ont émus à travers leurs histoires, leurs confidences et leur envie sincère de rencontrer l’amour. Après avoir reçu des centaines de courriers de prétendant(e)s prêts à vivre une belle histoire, découvrez à présent les agriculteurs.rices de la saison 16 dans leur quête amoureuse ! Ils viennent des quatre coins de la Wallonie et partagent tous la même envie : vivre une love story. 

Et comme le dit la chanson : “Love is in the air”, et nos agriculteurs vont vous le prouver ! ",adlp,tres-bientot,,,,,,,,,,,,,,,
Les Traîtres : Seront-ils démasqués ? - Version française,Dès le 7 septembre,Eric Antoine,"tvi,play","Vingt personnalités françaises se lancent dans l’aventure palpitante du phénomène “Les Traîtres”. Un jeu aussi cruel que jubilatoire ! Les joueurs vont entrer dans un univers hors-norme où leur seul allié sera leur instinct… car parmi les 20 personnalités se cachent des Traîtres prêts à tout pour remporter la partie. Ces derniers devront résister à la pression, mentir et manipuler pour passer inaperçus et conserver leur place dans le jeu. Sauront-ils duper les autres membres du château ? Qui trahira pour gagner ? Qui des Traîtres ou des Loyaux remporteront la partie ? Bienvenue dans un jeu impitoyable où la vérité est aussi cruelle que la trahison elle-même.  ",traitres,tres-bientot,,,,,,,,,,,,,,,
Le Meilleur Pâtissier,,Laetitia Millot,"tvi,play","Le Meilleur Pâtissier revient sur RTL tvi avec une nouvelle saison présentée par Laëtitia Milot. Les pâtissiers amateurs s'affronteront sous l'œil vigilant du jury composé du talentueux chef Cyril Lignac et de la blogueuse Mercotte. Ils devront relever des défis sucrés, mêlant technique et créativité, pour éblouir nos 2 juges. Qui représentera la Belgique, apportant une touche locale et gourmande à la compétition ? Entre créations audacieuses et moments de convivialité, cette saison promet d’être un délice pour les amateurs de pâtisserie. ",lmp,tres-bientot,,,,,,,,,,,,,,,
C'est du gâteau,,"Benjamin,Adélina","tvi,play","Benjamin et Adélina, ex-candidats du Meilleur Pâtissier, s’affrontent dans une bataille de desserts pleine de bonne humeur ! Ils seront départagés chaque semaine par un invité spécial... Qui remportera le point avec sa création gourmande ? Une compétition amicale et sucrée, diffusée juste après le Meilleur Pâtissier. ",gateau,tres-bientot,,,,,,,,,,,,,,,
François Pirette - XYZ,Le 11 septembre à 20h30,François Pirette,"tvi,play","2024 est l’année de tous les records pour François Pirette : sa tournée ""XYZ - 3 générations"" a déjà réuni près de 20.000 personnes avec plus de 30 représentations marathon jouées à guichets fermés dont la plus longue au PBA de Charleroi aura duré 3h50 !  

Avant de reprendre la route à l’automne pour une version « XYZ 2.0 », François Pirette nous offre un témoignage unique de cette performance, avec un regard inédit jeté depuis les coulisses de sa tournée-événement. 

""XYZ - 3 générations”, 3 soirées exceptionnelles à ne surtout pas manquer ! ",pirette,humour,,,,,,,,,,,,,,,
VERHAEGEN & ROBOCOP : Unité pas très spéciale,Le 23 septembre,Pablo Andres,play,"La toute première série en un seul épisode débarque sur RTL play ! L'agent Verhaegen se trouve, pour la première fois de sa carrière, confronté à l'intelligence... artificielle. Dans un commissariat typiquement bruxellois, l'arrivée d'un prototype de robot policier bouleverse la routine. Le commissaire Verschueren confie à l'agent Verhaegen la mission de présenter ce nouveau membre atypique à ses collègues. Comment ce ""Robocop"" ultra performant sera-t-il accueilli au sein de cette ""unité pas très spéciale"" ? Découvrez-le dans cet épisode unique rempli d'évasions pas si spectaculaires, de farniente administrative et de dégustation de tartines au gouda, une comédie d'inaction policière 100 % belge ! ",,humour,v,,,,,,,,,,,,,,
"Véronique Gallo : ""Femme de Vie""",,Véronique Gallo,"tvi,play","Après le succès de “Vie de mère” et plus de 300 dates de tournée, la comédienne et humoriste belge revient avec un nouveau spectacle “Femme de Vie”. 

Véronique Gallo décortique avec humour et émotion, la quarantaine au féminin ! La charge mentale, les enfants qui grandissent, les parents qui vieillissent, la peau qui se relâche, les bouffées de chaleur, la perfection qu’on s’impose, la pression d’être en couple, l’image que l’on a de soi, les injections au Botox… 

Sans complexe, Véronique Gallo nous interroge… Et si la Nature apportait une réponse aux questions incessantes que l’on se pose ? ",gallo,humour,,,,,,,,,,,,,,,
Cache Cash,,Jean-Michel Zecca,"tvi,play","Tic Tac, Tic Tac... Une famille a 30 minutes pour mettre la main sur les 100.000 € cachés dans leur maison. Pour y parvenir, ils devront garder leur sang-froid, faire confiance à leur intuition et fouiller chaque recoin, car nos experts de la cachette ne manquent pas de ressources ! Soledad, la policière spécialiste des perquisitions, Michel, le décorateur aux inventions délirantes, et Javier, l'ouvrier créatif en construction, ont tout mis en œuvre avant le tournage pour leur rendre la tâche ardue. Avec Jean-Michel Zecca, ils vont corser l'épreuve et faire suer la famille.  

Unis dans une même mission, les membres d’une famille feront-ils main basse sur une fortune cachée sous leurs yeux ? Sont-ils certains qu’aucun billet n’ait été laissé à l’intérieur d’une semelle de chaussure, derrière un papier-peint ou encore au fond d’un paquet de poudre à lessiver ? ",cachecash,evenementielles,,,,,,,,,,,,,,,
Donovan Incognito,,Donovan,"tvi,play","Après le succès du premier rendez-vous, où il a surpris tout le monde, Donovan le Magicien est de retour, incognito dans vos lieux préférés, pour vous étonner encore de plus ! Imaginez Donovan le Magicien sous les traits d’un mécanicien, d’un caissier, d’un animateur de marché, d’un cuisinier, et bien plus encore. Filmée en caméra cachée, cette émission 100% inédite montre un Donovan surmotivé et prêt à tout pour vous épater. Il vendra même un sac à dos multifonctions improbable pour vos randonnées, contenant tous les accessoires nécessaires pour dormir, manger, se réchauffer et se changer. En réparateur de téléphone excentrique, il testera la solidité d'un nouveau film anti-choc invisible sur votre appareil, qui résiste à tout… sauf à tout. ",donovan,evenementielles,,,,,,,,,,,,,,,
Les orages de la vie,,Christophe Dechavanne,"tvi,play","Christophe Dechavanne rencontre des personnalités et des anonymes dont la vie a basculé du jour au lendemain. À travers des entretiens sincères et sans filtre, chacun partage ses joies, ses peines et ses moments charnières. Pour ce nouvel épisode, Lorie raconte son combat contre l’endométriose et son expérience après l’ablation de son utérus. Nous retrouvons également Riton Liebman. Star à 13 ans, entouré du tandem Depardieu-Dewaere sur “Préparez vos mouchoirs”, le Bruxellois a connu l’ivresse et le poison de la célébrité. De retour au théâtre, il se livre et raconte l’histoire d’une véritable descente aux enfers.",orages,evenementielles,,,,,,,,,,,,,,,
112 Hélico d'urgence,,Michaël Miraglia,"tvi,play","Accidents sur la route, à domicile ou dans des lieux publics, chacun peut un jour avoir besoin d'une intervention rapide des secours. Michaël Miraglia vous fait découvrir le quotidien intense des membres du Centre Médical Héliporté et de Mike, leur hélicoptère, opérant dans les vastes territoires des provinces de Liège et de Luxembourg. Suivez des missions toujours plus périlleuses et spectaculaires où la rapidité et l'efficacité des secours peuvent faire la différence et sauver des vies. ",112,evenementielles,,,,,,,,,,,,,,,
Flagrants Délits,,,"tvi,play","Partez en immersion dans l’univers de la protection de l’environnement. Chaque jour, des citoyens sont confrontés à des problèmes de pollution sonore et sanitaire, de dégradations et d'incivilités. Notre biodiversité n’a jamais été aussi menacée. Dans nos forêts, nos campagnes et même en ville, des agents de l’environnement veillent, interviennent et traquent sans relâche les pollueurs ou les braconniers pour préserver la nature des excès en tout genre.",,evenementielles,,,,,,,,,,,,,,,
Vu à la télé,,,"tvi,play","Pour sa 19e saison, ""Vu à la Télé"" revient avec un look renouvelé et deux nouveaux canapés de téléspectateurs. Leurs opinions tranchées et truculentes apporteront un éclairage plein d'humour et d'émotion sur les programmes de cet automne.   ",valtv,evenementielles,,,,,,,,,,,,,,,
En route avec la police fédérale,,Emilie Dupuis,"tvi,play","Gyrophares, sirènes, voitures bleues et blanches filant à toute allure sur les routes de Bruxelles et de Wallonie : Emilie Dupuis vous embarque à nouveau dans les véhicules de la police pour partager le quotidien et la réalité des forces de l’ordre. Découvrez des missions et des interventions essentielles, parfois étonnantes ou musclées. Avec l'augmentation annuelle du nombre de véhicules sur les routes, Emilie part à la rencontre des conducteurs belges pour recueillir leurs émotions, leur colère, mais aussi leurs rires et leurs histoires. ",police,evenementielles,,,,,,,,,,,,,,,
Expédition Pairi Daiza,,Ludovic Daxhelet,"tvi,play","Pour cette 10ème saison d'Expédition Pairi Daiza, Ludovic Daxhelet part explorer le plus beau parc animalier d’Europe ! Accompagné de soigneurs et autres acteurs de terrain, Ludo nous fait découvrir de nombreuses espèces et, à travers son enthousiasme communicatif et sa curiosité, il nous permet d’en apprendre toujours plus sur les animaux mais aussi sur le travail de soigneur, la conservation des espèces ou encore le patrimoine, l'histoire et l’architecture.  

Cette année est également spéciale pour Pairi Daiza, qui célèbre ses 30 ans d'existence depuis son ouverture le 11 mai 1994. Pour marquer cet anniversaire, Expédition Pairi Daiza vous offre un voyage dans le temps, retraçant l'évolution spectaculaire du parc au fil des décennies. ",pairidaiza,evenementielles,,,,,,,,,,,,,,,
Je vends ma maison,,Sophie Pendeville,"tvi,play","Dans un contexte immobilier difficile et face à des taux d’intérêt en hausse, vendre son bien au juste prix est devenu un véritable parcours du combattant pour de nombreux propriétaires. Que ce soit pour partir en retraite sous le soleil, alléger un fardeau ou réaliser un rêve, chaque vente est une étape cruciale aux répercussions importantes sur la vie des vendeurs. 

""Je vends ma maison"" suit les histoires touchantes de 16 propriétaires, accompagnés par Sophie Pendeville et une équipe de 5 agents immobiliers de We Invest, venus de toute la Wallonie. Aux côtés d’Anouchka Déco, experte en home staging, ils relèvent le défi de rafraîchir, rénover et mettre en valeur ces biens pour les vendre au meilleur prix. 

Cette saison, l’émission va plus loin en réalisant des travaux plus importants pour réussir des ventes en un temps record, même pour des biens réputés invendables ou atypiques... comme une péniche.  ",jevendsmamaison,evenementielles,,,,,,,,,,,,,,,
Nausicaá,,Sandrine Dans (Voix off),"tvi,play","Suivez les coulisses du plus grand aquarium d’Europe à travers les yeux de celles et ceux qui se battent au quotidien pour la préservation de la biodiversité. Les soigneurs, Mélanie, Coralie, Louise et Nicolas vont devoir relever d’importants défis avec la construction d’un nouvel espace abyssal, le suivi des raies et des otaries, ainsi que des naissances de manchots. Ces bébés s’additionneront aux 58.000 animaux déjà présents, dont 1.600 espèces différentes. Plus de 2.000 naissances sont comptabilisées chaque année ! ",nausicaa,evenementielles,,,,,,,,,,,,,,,
Septante et un : le choc des duos !,Dès le 7 septembre,Jean-Michel Zecca,"tvi,play","Dès le 7 septembre, l’émission « Septante et un » diffusée le samedi, évolue !  

Tous les weekends, Jean-Michel Zecca invite 70 candidats uniques ayant éliminé l'entièreté du gradin lors de leur passage dans l'émission. Pour pimenter la partie, ce n'est pas un, mais 2 candidats aux côtés de Jean-Michel, qui affronteront le public !  

""Un duo contre tous"", avec des amis d'enfance, collègues de travail, parents ou voisins ayant tous le même objectif : éliminer les 70 candidats du public.   

Retrouvez le 71 dans sa formule classique, tous les jours à 18h30 sur RTL tvi & RTL play. 

Et ce n’est pas tout ! Pour les 20 ans de 71, RTL embarque avec des téléspectateurs pour une croisière inoubliable en Méditerranée, à bord du MSC Grandiosa du 13 au 21 octobre 2024. ",71,evenementielles,,,,,,,,,,,,,,,
Coûte que Coûte : c'est notre argent,Tous les mercredis à 19h50,Benjamin Maréchal,"tvi,play","À la suite des crises successives, les questions d’argent sont plus que jamais au cœur des préoccupations des Belges. Benjamin Maréchal et son équipe se penchent sur ces préoccupations avec des enquêtes approfondies, des astuces pratiques et des tests rigoureux pour identifier les meilleures options de consommation.",cqc,recurrents,,,,,,,,,,,,,,,
Tout s'explique,Tous les jeudis à 19h50,Loïc,"tvi,play","Pour sa 25e saison, ""Tout s’explique"", présenté par Loïc, continue de nous surprendre avec des sujets fascinants et inattendus. Des aéroports les plus dangereux au monde aux nettoyeurs de l’extrême, en passant par le monde passionnant des fermes et un voyage en Italie à la découverte des meilleures tomates, chaque épisode promet de nouvelles découvertes.",tse,recurrents,,,,,,,,,,,,,,,
Reporters,,,"tvi,play","Dans chaque émission, un fait de société ou d'actualité brûlant est traité de manière factuelle, claire et complète. Reporters traite de l'actualité chaude à travers le regard de ses témoins. Le magazine ne se concentre pas uniquement sur les faits, mais accorde une importance primordiale aux témoignages qui en découlent. L'humain est au cœur du sujet et le témoignage au cœur du traitement de l'information. ",,recurrents,,,,,,,,,,,,,,,
Enquêtes,Tous les mardis à 19h50,Bertrand Caroy,"tvi,play","Depuis plus de 20 ans, ""Enquêtes"" vous transporte dans les coulisses des interventions des forces de police à travers le pays. Flagrants délits, cambriolages, traques de pickpockets, courses-poursuites... Chaque épisode dévoile l'action et la tension du quotidien policier. Aux côtés de Bertrand Caroy, premier inspecteur et chef du service circulation de la police boraine, découvrez la réalité de nos forces de l’ordre au quotidien.",enquetes,recurrents,,,,,,,,,,,,,,,
Images à l'appui,Tous les lundis à 19h50,Salima Belabbas,"tvi,play","Après plus de 20 saisons, ""Images à l'appui"" revient avec une nouvelle identité visuelle et une ligne éditoriale modernisée. Fidèle à sa mission, l'émission continue de traquer les arnaques, les litiges et les injustices auxquels nous pouvons tous être confrontés. Notre équipe d'enquêteurs parcourt la Belgique, se posant en médiateurs dans divers conflits, révélant les scandales et dénonçant les escroqueries.",imap,recurrents,,,,,,,,,,,,,,,
Place Royale,Tous les samedis à 19h50,Alix Battard,"tvi,play","En 2024, l'actualité royale est plus que jamais à la mode ! Chaque samedi en début de soirée, rejoignez Alix Battard pour décrypter l'actualité, les tendances et l'histoire des monarchies européennes et internationales. Comment ces institutions évoluent-elles avec le temps ? Quelles sont les futures reines et rois ? Que se passe-t-il derrière les portes fermées des palais ? Découvrez les anecdotes secrètes de l'histoire et les célibataires les plus en vue du Gotha. ""Place Royale"" allie glamour et information pour répondre à toutes vos questions royales ! ",placeroyale,recurrents,,,,,,,,,,,,,,,
Elections communales,Le 13 octobre,"Luc Gilson,Caroline Fontenoy,Martin Buxant","tvi,play,info,bel","Le 13 octobre, la rédaction de RTL info vous accompagne tout au long de la journée, sur toutes nos plateformes, pour couvrir le scrutin des élections communales et provinciales. Dès l’après-midi et jusqu’en soirée, suivez l’évolution de cette élection en direct sur le digital et lors de nos RDV télé dès 17h et radio toute la journée en direct, avec un relais sur bel RTL.  ",,info,,,,,,,,,,,,,,,
Elections USA,Le 6 novembre,"Justine Pons,Mathieu Col","tvi,play,info",Les équipes de RTL info seront en direct des États-Unis pour suivre les élections américaines. Qui deviendra le 47e président des États-Unis ? Rendez-vous le 6 novembre sur RTL info pour le découvrir. ,,info,,,,,,,,,,,,,,,
48h Bourgmestres,,"Caroline Fontenoy,Martin Buxant,Christophe Deborsu","tvi,play,info","Caroline Fontenoy, Martin Buxant et Christophe Deborsu vous proposent de découvrir le bilan des six années de mandat des bourgmestres wallons et bruxellois à travers une série d'interviews exclusives. Ils vont à la rencontre des 270 bourgmestres de Wallonie et des 19 bourgmestres de Bruxelles. Retrouvez ces interviews en direct ou en streaming sur l’app RTL info et RTL play. ",caro,info,,,,,,,,,,,,,,,
Le Pape en Belgique,,,"tvi,play,info","Événement mondial en Belgique, le Pape sera en visite dans notre pays du 27 au 29 septembre. Pendant ces trois jours, riches en rendez-vous, RTL info couvrira chaque moment de cette visite historique. Suivez l’intégralité de la visite en direct lors de deux éditions spéciales, samedi et dimanche de 9h30 à 13h, avec des analyses approfondies de notre spécialiste Christophe Giltay et des invités.",pape,info,,,,,,,,,,,,,,,
"Marc Dutroux, un homme libre",,Julie Denayer,"tvi,play,info","À l’occasion du 20e anniversaire de l'un des procès les plus marquants et médiatisés de l'histoire criminelle belge, ce docu-fiction examine une question controversée : à quoi ressemblerait la vie de Marc Dutroux en cas de libération anticipée ? Un document controversé et hautement sensible qui pose de très nombreuses interrogations sur la réinsertion dans notre pays et au sein de notre société. A l’aide de témoins directs, nous essayerons de comprendre pourquoi Dutroux ne pourra jamais sortir de prison…   ",dutroux,crime,,,,,,,,,,,,,,,
Dans le vestiaire,,"Vincenzo Ciuro,Anne Ruwet","club,play,bel,sports","Anne Ruwet et Vincenzo Ciuro vous ouvrent les portes du vestiaire de RTL sports. Chaque semaine, ils sont accompagnés d’une équipe de choc composée de Marc Delire, Silvio Proto, Kevin Sauvage mais aussi des consultants RTL sports et des invités de renom.  

""Dans le vestiaire"" propose un débriefing des matchs, des analyses et des débats autour du football belge. Coups de cœur, coups de gueule, avis tranchés : nos experts n’auront pas leur langue en poche.  

Cette saison s’annonce passionnante : Anderlecht remportera-t-il enfin son 35e titre de champion ? L’Union Saint-Gilloise décrochera-t-elle le graal ? Le Standard et Charleroi seront-ils au rendez-vous après une saison décevante ?  

Vous l'avez compris, Dans le vestiaire on vous dit tout sur le championnat de Belgique ! ",dlv,sports,,,,,,,,,,,,,,,
Ligue des Nations,"- Vendredi 6/9 : BELGIQUE-ISRAËL dès 20h sur RTL club puis à 20h25 sur RTL tvi 

- Lundi 9/9 : FRANCE-BELGIQUE dès 20h sur RTL club puis à 20h25 sur RTL tvi 

- Jeudi 10/10 : ITALIE-BELGIQUE dès 20h sur RTL club puis à 20h25 sur RTL tvi 

- Lundi 14/10 : BELGIQUE-FRANCE dès 20h sur RTL club puis à 20h25 sur RTL tvi 

- Jeudi 14/11 : BELGIQUE-ITALIE dès 20h sur RTL club puis à 20h25 sur RTL tvi 

- Dimanche 17/11 : ISRAËL-BELGIQUE dès 20h sur RTL club puis à 20h25 sur RTL tvi ",,"tvi,play,sports","La Ligue des Nations revient bientôt sur nos antennes avec RTL sports ! Ne manquez pas l'occasion de suivre les performances de nos Diables Rouges. La Belgique affrontera Israël, mais surtout deux géants du football européen : la France et l'Italie. Après la victoire de l'Espagne cette année, la prochaine édition s'annonce encore plus riche en émotions.  ",nations,sports,,,,,,,,,,,,,,,
Ligue des Champions,,,"club,play,sports","Des barrages fin août jusqu’à la finale à Munich, l’ensemble de la Ligue des champions 2024-25 sera à suivre avec RTL sports ! Tirage au sort, saison régulière, phase finale… Pour sa 70e édition, l’UEFA a décidé d’offrir une toute nouvelle formule à la Ligue des champions. La compétition accueillera maintenant 36 équipes, contre 32 précédemment. À cela s’ajoute la saison régulière, qui offrira des affiches chocs dès le mois de septembre. ",ldc,sports,,,,,,,,,,,,,,,
Tour of Britain,Du 3 au 8 septembre,,"club,play,sports","Du 3 au 8 septembre, les coureurs traverseront de nombreuses villes du Royaume-Uni. Cette 16e édition s'annonce particulièrement exigeante. Les concurrents, dont le belge Remco Evenepoel, partiront de Glasgow et termineront à Londres, comme lors des éditions précédentes. Cette année, le parcours couvrira 1308,5 km. Malgré une augmentation des étapes de montagne, certains participants estiment que le parcours ne sera pas beaucoup plus facile que celui de l'année dernière. En revanche, les deux dernières étapes seront relativement plates, offrant un contraste avec le reste du parcours majoritairement vallonné. ",britain,sports,,,,,,,,,,,,,,,
Grand Prix de Wallonie,Le 18 septembre,,"club,play,sports","Le 18 septembre 2024, le Grand Prix de Wallonie partira de Beaufays pour atteindre Namur, traversant les paysages vallonnés et les difficiles ascensions des Ardennes. Cette course incontournable du calendrier belge, intégrée à l'UCI ProSeries, propose aux coureurs une compétition intense sur 205,5 kilomètres. RTL sports sera sur place pour couvrir la course en direct avec son émission ""Dans le peloton"". ",gp-wallonie,sports,,,,,,,,,,,,,,,
SUPER 8 Classic,,,"club,play,sports","Pour les véritables passionnés de cyclisme, la SUPER 8 Classic n’a plus besoin de présentation. Cet hommage aux légendaires cyclistes Raymond Impanis et Peter Van Petegem est depuis des années un événement incontournable pour les amateurs de sprint... et de bière.  ",super8,sports,,,,,,,,,,,,,,,
Flanders Darts Trophy,,"Marc Delire,Alex Vizorek, Tanguy Borra,Antoni Coppi","play,sports","Le Flanders Darts Trophy se déroulera à Anvers en septembre 2024. Cet événement fait partie du PDC European Tour et sera le deuxième tournoi de cette série à se tenir sur le sol belge, aux côtés de l'Open de Fléchettes belge Blåkläder à Wieze.  

Les passionnés de fléchettes Marc Delire et Alex Vizorek, accompagnés de Tanguy Borra et Antoni Coppi, apporteront leur expertise aux commentaires pour RTL sports. 

Le tournoi aura lieu à l'Antwerp Expo, l'un des plus grands lieux d'événements de la ville glamour d'Anvers. Il se déroulera sur trois jours, et les 16 meilleurs joueurs du classement PDC sont automatiquement qualifiés pour participer à cet événement.  ",darts,sports,v,,,,,,,,,,,,,,
Championnat du Monde de Fléchettes,Du 13 décembre au 3 janvier,"Marc Delire,Alex Vizorek, Tanguy Borra,Antoni Coppi","play,sports","Pour la seconde fois en Belgique francophone, RTL sports diffusera le Championnat du Monde de Fléchettes du 13 décembre au 3 janvier ! Les meilleurs joueurs belges et internationaux s'affronteront pour décrocher le titre le plus prestigieux de la discipline, remporté par Luke Humphries en début d'année 2024.  

Le Championnat sera à nouveau commenté par un duo de choc composé d'Alex Vizorek et de Marc Delire, qui nourrissent une passion incroyable pour ce sport si particulier. ",darts-world,sports,v,,,,,,,,,,,,,,
ATP 250 Anvers,Du 13 au 20 octobre,,"club,play,sports","Du 13 au 20 octobre, vivez l'European Open au Lotto Arena avec RTL sports. Ce prestigieux tournoi de tennis ATP 250, le seul de ce niveau en Belgique, attire les meilleurs joueurs du monde entier pour une semaine de tennis de haut niveau. ",atp,sports,,,,,,,,,,,,,,,
Crocky Cup,,,"club,play,sports","Parmi les équipes en lice, on retrouvera des noms prestigieux comme Anderlecht, le Club Brugge, le Standard de Liège, ainsi que l'Union Saint-Gilloise, vainqueur de la dernière édition. À l'issue de la compétition, le vainqueur se verra automatiquement qualifié pour l'Europa League. ",crocky,sports,,,,,,,,,,,,,,,
Cyclo-Cross,,,sports,"Pour la deuxième année consécutive, RTL sports diffusera 7 manches de Cyclocross Exact Cross/X2O. Les compétitions féminines et masculines seront diffusées en décembre et janvier sur nos antennes. ",cyclo,sports,,,,,,,,,,,,,,,
La nuit se traîne,,"Romain Duris,Mustii,Jonas Bloquet,Sam Louwyck ",,"RTL Belgium est heureux de participer en tant que co-producteur à cette nouvelle aventure cinématographique. ""La nuit se traîne"", un thriller captivant, tourné entièrement à Bruxelles, marque les débuts prometteurs du réalisateur belge Michiel Blanchart.  
 
Déjà récompensé par le Prix du public lors de son ouverture au Biarritz Film Festival – Nouvelles Vagues, ""La nuit se traîne"" confirme le talent incontestable de Michiel Blanchart. 

Synopsis : Cette nuit est comme toutes les autres pour Mady, étudiant le jour, serrurier la nuit. Mais Claire, l'énigmatique jeune fille qu'il aide ce soir-là, n'est pas celle qu'elle prétend être. Mady n'a qu'une nuit pour prouver son innocence. ",lanuitsetraine,coprod,,,,,,,,,,,,,,,
Le Good Morning,,"Maria del Rio,Olivier Arnould,Valentino Palumbo,Gary Moonen ",contact,"Chaque matin de 6h à 10h, réveillez-vous du bon pied avec Maria, Olivier, Gary et Valentino. Au programme : délires en direct, superbes cadeaux, vos jeux favoris, les meilleurs hits feel good et toutes vos séquences préférées pour bien démarrer la journée. ",gm,radio-contact,,,,,,,,,,,,,,,
Le 15/19,,"David Antoine,Lucile Rochelet,Thibaut Fassuleto,Max Nihoul ",contact,"Tous les jours de 15h à 19h, embarquez avec David et sa bande pour un retour à la maison plein de rires et de bonne humeur. Leur objectif ? Vous faire sourire et vous divertir ! Avec David, Thibaut, Lucile et Max, découvrez les actus et les buzz qui font le tour du web, de quoi pimenter vos conversations autour de la machine à café.  ",1519,radio-contact,,,,,,,,,,,,,,,
Contact DJ's,,"Henri PFR,Lost Frequencies,Maya Cox,Simon B",contact,"Tous les vendredis et samedis de 21h à 1h, 4 DJ’s prennent les commandes de Radio Contact. Cette saison, Maya Cox et Simon B rejoignent Lost Frequencies et Henry PFR aux platines pour enflammer vos soirées. ",,radio-contact,,,,,,,,,,,,,,,
Les apéros du Good Morning,"Retrouvez-les à ces dates, de 13h à 15h : 

- 28/08 : Parc d’Enée, Gembloux 
- 04/09 : Hydrion, Arlon 
- 11/09 : Ville de Ciney 
- 18/09 : Ville de Waremme 
- 25/09 : Les Dauphins, Mouscron ",,,"Pour bien débuter cette nouvelle saison, le Good Morning part à la rencontre de ses auditeurs ! L’occasion de rencontrer Maria, Olivier, Gary et Valentino autour d’un bon apéro et de partager un moment bien Feel Good. 

Cette année, un grand concours sera organisé afin de gagner un voyage en Corse ! ",apero,radio-contact,,,,,,,,,,,,,,,
La Soirée de Tonton,Le 27 septembre au WEX de Marche-en-Famenne,,contact,"Après le succès de la seconde édition, la Playlist de Tonton est de retour pour une soirée à la hauteur de vos espérances. Tonton a vu plus grand, plus fou ! Il vous donne rendez-vous le 27 septembre au WEX de Marche-en-Famenne pour un évènement que vous n'êtes pas prêts d'oublier. Au programme : une playlist composée des titres préférés de Tonton et des surprises préparées par les animateurs de Radio Contact pour faire la fête jusqu'au bout de la nuit ! ",,radio-contact,,,,,,,,,,,,,,,
bel RTL matin,Du lundi au vendredi de 7h à 8h30,"Sandrine Dans,Thomas de Bergeyck",bel,"Dès 7h, bel RTL matin avec Sandrine Dans et Thomas de Bergeyck c’est le parfait cocktail d’infos, d’humeur et d’humour pour démarrer la journée du bon pied ! Retrouvez tous les ¼ d’heure le point sur l’actu régionale, nationale et internationale, mais aussi les rendez-vous interactifs de la rédaction « RTL info répond à vos questions » et « Ça vous parle », sans oublier les incontournables « Signé Giltay » et « L’invité de 7h50 » de Martin Buxant. A 8h15 André Lamy et Olivier Leborgne revisitent l’actu dans leur légendaire « Votez pour moi » avant de retrouver « La valise bel RTL ». ",belrtlmatin,bel-rtl,,,,,,,,,,,,,,,
Ils sont dans le journal,Du lundi au jeudi de 8h30 à 9h,Benjamin Maréchal,bel,Benjamin Maréchal rebondit sur l’actualité et creuse l’info avec les intervenants en prise directe avec LE sujet qui fait l’actu du jour. ,journal1,bel-rtl,,,,,,,,,,,,,,,
Ils mériteraient d'être dans le journal,Du lundi au jeudi de 9h à 10h,Benjamin Maréchal,bel,Benjamin Maréchal reçoit celles et ceux qui mériteraient d’être dans le journal. Des personnalités connues ou inconnues issues de tous les horizons qui méritent d’être dans la lumière. Leur point commun ? Une histoire à partager avec vous ! ,journal2,bel-rtl,,,,,,,,,,,,,,,
Vous êtes dans le journal,Du lundi au vendredi de 18h à 19h,"Thibaut Roland,Peggy Simono",bel,"Chaque soir à 18h, vous êtes dans le journal et vous êtes au cœur de l’info !  Vous partagez, en direct et en toute liberté, votre opinion sur les grands sujets d’actualité.  En studio, deux personnalités réagissent et partagent leur point de vue qui vous fera parfois douter ou changer d’avis.  De son côté, la rédaction apporte, au cœur de ces échanges, un complément d’info qui pourrait, lui aussi, tout faire basculer.  Au terme des discussions, c’est à vous et uniquement à vous que revient le dernier mot : à vous de nous dire si les échanges de point de vue vous ont fait changer d’avis … ou pas ! ",journal3,bel-rtl,,,,,,,,,,,,,,,
bel RTL vous régale,Le samedi de 9h à 10h30,Jean-Michel Zecca,bel,"bel RTL vous régale c’est votre gourmandise du samedi matin !  L’émission qui vous met l’eau à la bouche et vous donne envie de partir à la rencontre des producteurs à côté de chez vous, de découvrir la cuisine de nos restaurateurs et de tester les recettes que l’on vous partage.  Retrouvez toutes les tendances culinaires dans votre balade gourmande du samedi matin sur bel RTL. ",jmz,bel-rtl,,,,,,,,,,,,,,,
La valise bel RTL,"Du lundi au vendredi à 8h25, 10h25 et 12h25",,bel,"La valise fait son retour sur bel RTL ! Découvrez le code secret qui permet d’ouvrir la valise bel RTL et remportez l’argent cash qu’elle contient !  Tentez votre chance en direct, en donnant un code secret à 4 chiffres à l’antenne.  Si le code est le bon, vous repartez avec tout le contenu de la valise ! Dans le cas contraire, on remet le montant de la valise en jeu en y ajoutant automatiquement de l’argent !  Le premier qui trouve le code secret, remporte l’intégralité du montant cash contenu dans la valise bel RTL !  

Les rendez-vous de la valise bel RTL sont programmés du lundi au vendredi à 8h25, 10h25 et 12h25 ! ",valise,bel-rtl,,,,,,,,,,,,,,,
La vérité si je mens,Le vendredi de 8h30 à 11h,Bérénice,bel,"Bérénice reçoit une personnalité ou un anonyme qui lui raconte les anecdotes les plus folles, les histoires les plus surprenantes qui lui sont arrivées... ou pas.  Mensonge ou vérité ?  C’est à vous de le déterminer !  L’humour, la mauvaise foi et les surprises ont rendez-vous chaque vendredi matin sur bel RTL. ",berenice,bel-rtl,,,,,,,,,,,,,,,
Harry Potter : Visions of Magic,jusqu'au 3 novembre 2024 à Tour & Taxis,,,,harrypotter,events,,,,,,,,,,,,,,,
Festifood RTL Mons,Du 6 septembre au 8 septembre,,,,festifood,events,,,,,,,,,,,,,,,
Festifgrill,Du 13 septembre au 15 septembre à Mons,,,,festigrill,events,,,,,,,,,,,,,,,
Jonas Brother,Le 1er octobre au Sportpaleis d'Anvers,,,,jonasbrother,events,,,,,,,,,,,,,,,
Foire d'octobre de Liège,Du 5 octobre au 10 novembre,,,,foire-liege,events,,,,,,,,,,,,,,,
Gims,Les 23 et 24 novembre à Forest National,,,,gims,events,,,,,,,,,,,,,,,
La Fabrique à Jouet,Du 10 octobre au 12 janvier à Fleurus,,,,,events,,,,,,,,,,,,,,,
Festival du Cirque de Namur,Du 26 octobre au 3 novembre à la Citadelle de Namur,,,,namur,events,,,,,,,,,,,,,,,
Stars 80,Les 6 et 7 décembre à Forest National,,,,stars80,events,,,,,,,,,,,,,,,
Calogero,Les 12 et 13 décembre à Forest National,,,,calogero,events,,,,,,,,,,,,,,,
Lanterna Magica,Du 22 noevembre au 5 janvier dans le parc du Château de La Hulpe,,,,lm24,events,,,,,,,,,,,,,,,
,,,,,,,,,,,,,,,,,,,,,
J comme Jacques,,Jacques van den Biggelaar,"tvi,play","À l'occasion de ses 40 ans sur RTL tvi et après 30 ans à la tête du magazine “I Comme”, Jacques van den Biggelaar prendra une retraite bien méritée. Pour célébrer cette carrière exceptionnelle, ""J. Comme Jacques"" vous propose une émission événementielle retraçant la vie et la carrière de l’un des animateurs les plus aimés des Belges francophones. Accompagné de ses amis Ludo Daxhelet, Sandrine Dans, Sandrine Corman, Sophie Pendeville & Sabrina Jacobs, Jacques revient sur les moments marquants de sa carrière et relève les derniers défis proposés par ses anciens collègues. ",jacques,,,,,,,,,,,,,,,,
,,,,,,,,,,,,,,,,,,,,,
,,,,,,,,,,,,,,,,,,,,,
,,,,,,,,,,,,,,,,,,,,,
,,,,,,,,,,,,,,,,,,,,,
,,,,,,,,,,,,,,,,,,,,,
,,,,,,,,,,,,,,,,,,,,,
,,,,,,,,,,,,,,,,,,,,,
,,,,,,,,,,,,,,,,,,,,,
,,,,,,,,,,,,,,,,,,,,,
,,,,,,,,,,,,,,,,,,,,,
,,,,,,,,,,,,,,,,,,,,,
,,,,,,,,,,,,,,,,,,,,,
,,,,,,,,,,,,,,,,,,,,,
,,,,,,,,,,,,,,,,,,,,,
,,,,,,,,,,,,,,,,,,,,,
,,,,,,,,,,,,,,,,,,,,,
,,,,,,,,,,,,,,,,,,,,,
,,,,,,,,,,,,,,,,,,,,,
,,,,,,,,,,,,,,,,,,,,,
,,,,,,,,,,,,,,,,,,,,,
,,,,,,,,,,,,,,,,,,,,,
,,,,,,,,,,,,,,,,,,,,,
,,,,,,,,,,,,,,,,,,,,,
,,,,,,,,,,,,,,,,,,,,,
,,,,,,,,,,,,,,,,,,,,,
,,,,,,,,,,,,,,,,,,,,,
,,,,,,,,,,,,,,,,,,,,,
,,,,,,,,,,,,,,,,,,,,,
,,,,,,,,,,,,,,,,,,,,,
,,,,,,,,,,,,,,,,,,,,,
,,,,,,,,,,,,,,,,,,,,,
,,,,,,,,,,,,,,,,,,,,,
,,,,,,,,,,,,,,,,,,,,,
,,,,,,,,,,,,,,,,,,,,,
,,,,,,,,,,,,,,,,,,,,,
,,,,,,,,,,,,,,,,,,,,,
,,,,,,,,,,,,,,,,,,,,,
,,,,,,,,,,,,,,,,,,,,,
,,,,,,,,,,,,,,,,,,,,,
,,,,,,,,,,,,,,,,,,,,,
,,,,,,,,,,,,,,,,,,,,,
,,,,,,,,,,,,,,,,,,,,,
,,,,,,,,,,,,,,,,,,,,,
,,,,,,,,,,,,,,,,,,,,,
,,,,,,,,,,,,,,,,,,,,,
,,,,,,,,,,,,,,,,,,,,,
,,,,,,,,,,,,,,,,,,,,,
,,,,,,,,,,,,,,,,,,,,,
,,,,,,,,,,,,,,,,,,,,,
,,,,,,,,,,,,,,,,,,,,,
,,,,,,,,,,,,,,,,,,,,,
,,,,,,,,,,,,,,,,,,,,,
,,,,,,,,,,,,,,,,,,,,,
,,,,,,,,,,,,,,,,,,,,,
,,,,,,,,,,,,,,,,,,,,,
,,,,,,,,,,,,,,,,,,,,,
,,,,,,,,,,,,,,,,,,,,,
,,,,,,,,,,,,,,,,,,,,,
,,,,,,,,,,,,,,,,,,,,,
,,,,,,,,,,,,,,,,,,,,,
,,,,,,,,,,,,,,,,,,,,,
,,,,,,,,,,,,,,,,,,,,,
,,,,,,,,,,,,,,,,,,,,,
,,,,,,,,,,,,,,,,,,,,,
,,,,,,,,,,,,,,,,,,,,,
,,,,,,,,,,,,,,,,,,,,,
,,,,,,,,,,,,,,,,,,,,,
,,,,,,,,,,,,,,,,,,,,,
,,,,,,,,,,,,,,,,,,,,,
,,,,,,,,,,,,,,,,,,,,,
,,,,,,,,,,,,,,,,,,,,,
,,,,,,,,,,,,,,,,,,,,,
,,,,,,,,,,,,,,,,,,,,,
,,,,,,,,,,,,,,,,,,,,,
,,,,,,,,,,,,,,,,,,,,,
,,,,,,,,,,,,,,,,,,,,,
,,,,,,,,,,,,,,,,,,,,,
,,,,,,,,,,,,,,,,,,,,,
,,,,,,,,,,,,,,,,,,,,,
,,,,,,,,,,,,,,,,,,,,,
,,,,,,,,,,,,,,,,,,,,,
,,,,,,,,,,,,,,,,,,,,,
,,,,,,,,,,,,,,,,,,,,,
,,,,,,,,,,,,,,,,,,,,,
,,,,,,,,,,,,,,,,,,,,,
,,,,,,,,,,,,,,,,,,,,,
,,,,,,,,,,,,,,,,,,,,,
,,,,,,,,,,,,,,,,,,,,,
,,,,,,,,,,,,,,,,,,,,,
,,,,,,,,,,,,,,,,,,,,,
,,,,,,,,,,,,,,,,,,,,,
,,,,,,,,,,,,,,,,,,,,,
,,,,,,,,,,,,,,,,,,,,,
,,,,,,,,,,,,,,,,,,,,,
,,,,,,,,,,,,,,,,,,,,,
,,,,,,,,,,,,,,,,,,,,,
,,,,,,,,,,,,,,,,,,,,,
,,,,,,,,,,,,,,,,,,,,,
,,,,,,,,,,,,,,,,,,,,,
,,,,,,,,,,,,,,,,,,,,,
,,,,,,,,,,,,,,,,,,,,,
,,,,,,,,,,,,,,,,,,,,,
,,,,,,,,,,,,,,,,,,,,,
,,,,,,,,,,,,,,,,,,,,,
,,,,,,,,,,,,,,,,,,,,,
,,,,,,,,,,,,,,,,,,,,,
,,,,,,,,,,,,,,,,,,,,,
,,,,,,,,,,,,,,,,,,,,,
,,,,,,,,,,,,,,,,,,,,,
,,,,,,,,,,,,,,,,,,,,,
,,,,,,,,,,,,,,,,,,,,,
,,,,,,,,,,,,,,,,,,,,,
,,,,,,,,,,,,,,,,,,,,,
,,,,,,,,,,,,,,,,,,,,,
,,,,,,,,,,,,,,,,,,,,,
,,,,,,,,,,,,,,,,,,,,,
,,,,,,,,,,,,,,,,,,,,,
,,,,,,,,,,,,,,,,,,,,,
,,,,,,,,,,,,,,,,,,,,,
,,,,,,,,,,,,,,,,,,,,,
,,,,,,,,,,,,,,,,,,,,,
,,,,,,,,,,,,,,,,,,,,,
,,,,,,,,,,,,,,,,,,,,,
,,,,,,,,,,,,,,,,,,,,,
,,,,,,,,,,,,,,,,,,,,,
,,,,,,,,,,,,,,,,,,,,,
,,,,,,,,,,,,,,,,,,,,,
,,,,,,,,,,,,,,,,,,,,,
,,,,,,,,,,,,,,,,,,,,,
,,,,,,,,,,,,,,,,,,,,,
,,,,,,,,,,,,,,,,,,,,,
,,,,,,,,,,,,,,,,,,,,,
,,,,,,,,,,,,,,,,,,,,,
,,,,,,,,,,,,,,,,,,,,,
,,,,,,,,,,,,,,,,,,,,,
,,,,,,,,,,,,,,,,,,,,,
,,,,,,,,,,,,,,,,,,,,,
,,,,,,,,,,,,,,,,,,,,,
,,,,,,,,,,,,,,,,,,,,,
,,,,,,,,,,,,,,,,,,,,,
,,,,,,,,,,,,,,,,,,,,,
,,,,,,,,,,,,,,,,,,,,,
,,,,,,,,,,,,,,,,,,,,,
,,,,,,,,,,,,,,,,,,,,,
,,,,,,,,,,,,,,,,,,,,,
,,,,,,,,,,,,,,,,,,,,,
,,,,,,,,,,,,,,,,,,,,,
,,,,,,,,,,,,,,,,,,,,,
,,,,,,,,,,,,,,,,,,,,,
,,,,,,,,,,,,,,,,,,,,,
,,,,,,,,,,,,,,,,,,,,,
,,,,,,,,,,,,,,,,,,,,,
,,,,,,,,,,,,,,,,,,,,,
,,,,,,,,,,,,,,,,,,,,,
,,,,,,,,,,,,,,,,,,,,,
,,,,,,,,,,,,,,,,,,,,,
,,,,,,,,,,,,,,,,,,,,,
,,,,,,,,,,,,,,,,,,,,,
,,,,,,,,,,,,,,,,,,,,,
,,,,,,,,,,,,,,,,,,,,,
,,,,,,,,,,,,,,,,,,,,,
,,,,,,,,,,,,,,,,,,,,,
,,,,,,,,,,,,,,,,,,,,,
,,,,,,,,,,,,,,,,,,,,,
,,,,,,,,,,,,,,,,,,,,,
,,,,,,,,,,,,,,,,,,,,,
,,,,,,,,,,,,,,,,,,,,,
,,,,,,,,,,,,,,,,,,,,,
,,,,,,,,,,,,,,,,,,,,,
,,,,,,,,,,,,,,,,,,,,,
,,,,,,,,,,,,,,,,,,,,,
,,,,,,,,,,,,,,,,,,,,,
,,,,,,,,,,,,,,,,,,,,,
,,,,,,,,,,,,,,,,,,,,,
,,,,,,,,,,,,,,,,,,,,,
,,,,,,,,,,,,,,,,,,,,,
,,,,,,,,,,,,,,,,,,,,,
,,,,,,,,,,,,,,,,,,,,,
,,,,,,,,,,,,,,,,,,,,,
,,,,,,,,,,,,,,,,,,,,,
,,,,,,,,,,,,,,,,,,,,,
,,,,,,,,,,,,,,,,,,,,,
,,,,,,,,,,,,,,,,,,,,,
,,,,,,,,,,,,,,,,,,,,,
,,,,,,,,,,,,,,,,,,,,,
,,,,,,,,,,,,,,,,,,,,,
,,,,,,,,,,,,,,,,,,,,,
,,,,,,,,,,,,,,,,,,,,,
,,,,,,,,,,,,,,,,,,,,,
,,,,,,,,,,,,,,,,,,,,,
,,,,,,,,,,,,,,,,,,,,,
,,,,,,,,,,,,,,,,,,,,,
,,,,,,,,,,,,,,,,,,,,,
,,,,,,,,,,,,,,,,,,,,,
,,,,,,,,,,,,,,,,,,,,,
,,,,,,,,,,,,,,,,,,,,,
,,,,,,,,,,,,,,,,,,,,,
,,,,,,,,,,,,,,,,,,,,,
,,,,,,,,,,,,,,,,,,,,,
,,,,,,,,,,,,,,,,,,,,,
,,,,,,,,,,,,,,,,,,,,,
,,,,,,,,,,,,,,,,,,,,,
,,,,,,,,,,,,,,,,,,,,,
,,,,,,,,,,,,,,,,,,,,,
,,,,,,,,,,,,,,,,,,,,,
,,,,,,,,,,,,,,,,,,,,,
,,,,,,,,,,,,,,,,,,,,,
,,,,,,,,,,,,,,,,,,,,,
,,,,,,,,,,,,,,,,,,,,,
,,,,,,,,,,,,,,,,,,,,,
,,,,,,,,,,,,,,,,,,,,,
,,,,,,,,,,,,,,,,,,,,,
,,,,,,,,,,,,,,,,,,,,,
,,,,,,,,,,,,,,,,,,,,,
,,,,,,,,,,,,,,,,,,,,,
,,,,,,,,,,,,,,,,,,,,,
,,,,,,,,,,,,,,,,,,,,,
,,,,,,,,,,,,,,,,,,,,,
,,,,,,,,,,,,,,,,,,,,,
,,,,,,,,,,,,,,,,,,,,,
,,,,,,,,,,,,,,,,,,,,,
,,,,,,,,,,,,,,,,,,,,,
,,,,,,,,,,,,,,,,,,,,,
,,,,,,,,,,,,,,,,,,,,,
,,,,,,,,,,,,,,,,,,,,,
,,,,,,,,,,,,,,,,,,,,,
,,,,,,,,,,,,,,,,,,,,,
,,,,,,,,,,,,,,,,,,,,,
,,,,,,,,,,,,,,,,,,,,,
,,,,,,,,,,,,,,,,,,,,,
,,,,,,,,,,,,,,,,,,,,,
,,,,,,,,,,,,,,,,,,,,,
,,,,,,,,,,,,,,,,,,,,,
,,,,,,,,,,,,,,,,,,,,,
,,,,,,,,,,,,,,,,,,,,,
,,,,,,,,,,,,,,,,,,,,,
,,,,,,,,,,,,,,,,,,,,,
,,,,,,,,,,,,,,,,,,,,,
,,,,,,,,,,,,,,,,,,,,,
,,,,,,,,,,,,,,,,,,,,,
,,,,,,,,,,,,,,,,,,,,,
,,,,,,,,,,,,,,,,,,,,,
,,,,,,,,,,,,,,,,,,,,,
,,,,,,,,,,,,,,,,,,,,,
,,,,,,,,,,,,,,,,,,,,,
,,,,,,,,,,,,,,,,,,,,,
,,,,,,,,,,,,,,,,,,,,,
,,,,,,,,,,,,,,,,,,,,,
,,,,,,,,,,,,,,,,,,,,,
,,,,,,,,,,,,,,,,,,,,,
,,,,,,,,,,,,,,,,,,,,,
,,,,,,,,,,,,,,,,,,,,,
,,,,,,,,,,,,,,,,,,,,,
,,,,,,,,,,,,,,,,,,,,,
,,,,,,,,,,,,,,,,,,,,,
,,,,,,,,,,,,,,,,,,,,,
,,,,,,,,,,,,,,,,,,,,,
,,,,,,,,,,,,,,,,,,,,,
,,,,,,,,,,,,,,,,,,,,,
,,,,,,,,,,,,,,,,,,,,,
,,,,,,,,,,,,,,,,,,,,,
,,,,,,,,,,,,,,,,,,,,,
,,,,,,,,,,,,,,,,,,,,,
,,,,,,,,,,,,,,,,,,,,,
,,,,,,,,,,,,,,,,,,,,,
,,,,,,,,,,,,,,,,,,,,,
,,,,,,,,,,,,,,,,,,,,,
,,,,,,,,,,,,,,,,,,,,,
,,,,,,,,,,,,,,,,,,,,,
,,,,,,,,,,,,,,,,,,,,,
,,,,,,,,,,,,,,,,,,,,,
,,,,,,,,,,,,,,,,,,,,,
,,,,,,,,,,,,,,,,,,,,,
,,,,,,,,,,,,,,,,,,,,,
,,,,,,,,,,,,,,,,,,,,,
,,,,,,,,,,,,,,,,,,,,,
,,,,,,,,,,,,,,,,,,,,,
,,,,,,,,,,,,,,,,,,,,,
,,,,,,,,,,,,,,,,,,,,,
,,,,,,,,,,,,,,,,,,,,,
,,,,,,,,,,,,,,,,,,,,,
,,,,,,,,,,,,,,,,,,,,,
,,,,,,,,,,,,,,,,,,,,,
,,,,,,,,,,,,,,,,,,,,,
,,,,,,,,,,,,,,,,,,,,,
,,,,,,,,,,,,,,,,,,,,,
,,,,,,,,,,,,,,,,,,,,,
,,,,,,,,,,,,,,,,,,,,,
,,,,,,,,,,,,,,,,,,,,,
,,,,,,,,,,,,,,,,,,,,,
,,,,,,,,,,,,,,,,,,,,,
,,,,,,,,,,,,,,,,,,,,,
,,,,,,,,,,,,,,,,,,,,,
,,,,,,,,,,,,,,,,,,,,,
,,,,,,,,,,,,,,,,,,,,,
,,,,,,,,,,,,,,,,,,,,,
,,,,,,,,,,,,,,,,,,,,,
,,,,,,,,,,,,,,,,,,,,,
,,,,,,,,,,,,,,,,,,,,,
,,,,,,,,,,,,,,,,,,,,,
,,,,,,,,,,,,,,,,,,,,,
,,,,,,,,,,,,,,,,,,,,,
,,,,,,,,,,,,,,,,,,,,,
,,,,,,,,,,,,,,,,,,,,,
,,,,,,,,,,,,,,,,,,,,,
,,,,,,,,,,,,,,,,,,,,,
,,,,,,,,,,,,,,,,,,,,,
,,,,,,,,,,,,,,,,,,,,,
,,,,,,,,,,,,,,,,,,,,,
,,,,,,,,,,,,,,,,,,,,,
,,,,,,,,,,,,,,,,,,,,,
,,,,,,,,,,,,,,,,,,,,,
,,,,,,,,,,,,,,,,,,,,,
,,,,,,,,,,,,,,,,,,,,,
,,,,,,,,,,,,,,,,,,,,,
,,,,,,,,,,,,,,,,,,,,,
,,,,,,,,,,,,,,,,,,,,,
,,,,,,,,,,,,,,,,,,,,,
,,,,,,,,,,,,,,,,,,,,,
,,,,,,,,,,,,,,,,,,,,,
,,,,,,,,,,,,,,,,,,,,,
,,,,,,,,,,,,,,,,,,,,,
,,,,,,,,,,,,,,,,,,,,,
,,,,,,,,,,,,,,,,,,,,,
,,,,,,,,,,,,,,,,,,,,,
,,,,,,,,,,,,,,,,,,,,,
,,,,,,,,,,,,,,,,,,,,,
,,,,,,,,,,,,,,,,,,,,,
,,,,,,,,,,,,,,,,,,,,,
,,,,,,,,,,,,,,,,,,,,,
,,,,,,,,,,,,,,,,,,,,,
,,,,,,,,,,,,,,,,,,,,,
,,,,,,,,,,,,,,,,,,,,,
,,,,,,,,,,,,,,,,,,,,,
,,,,,,,,,,,,,,,,,,,,,
,,,,,,,,,,,,,,,,,,,,,
,,,,,,,,,,,,,,,,,,,,,
,,,,,,,,,,,,,,,,,,,,,
,,,,,,,,,,,,,,,,,,,,,
,,,,,,,,,,,,,,,,,,,,,
,,,,,,,,,,,,,,,,,,,,,
,,,,,,,,,,,,,,,,,,,,,
,,,,,,,,,,,,,,,,,,,,,
,,,,,,,,,,,,,,,,,,,,,
,,,,,,,,,,,,,,,,,,,,,
,,,,,,,,,,,,,,,,,,,,,
,,,,,,,,,,,,,,,,,,,,,
,,,,,,,,,,,,,,,,,,,,,
,,,,,,,,,,,,,,,,,,,,,
,,,,,,,,,,,,,,,,,,,,,
,,,,,,,,,,,,,,,,,,,,,
,,,,,,,,,,,,,,,,,,,,,
,,,,,,,,,,,,,,,,,,,,,
,,,,,,,,,,,,,,,,,,,,,
,,,,,,,,,,,,,,,,,,,,,
,,,,,,,,,,,,,,,,,,,,,
,,,,,,,,,,,,,,,,,,,,,
,,,,,,,,,,,,,,,,,,,,,
,,,,,,,,,,,,,,,,,,,,,
,,,,,,,,,,,,,,,,,,,,,
,,,,,,,,,,,,,,,,,,,,,
,,,,,,,,,,,,,,,,,,,,,
,,,,,,,,,,,,,,,,,,,,,
,,,,,,,,,,,,,,,,,,,,,
,,,,,,,,,,,,,,,,,,,,,
,,,,,,,,,,,,,,,,,,,,,
,,,,,,,,,,,,,,,,,,,,,
,,,,,,,,,,,,,,,,,,,,,
,,,,,,,,,,,,,,,,,,,,,
,,,,,,,,,,,,,,,,,,,,,
,,,,,,,,,,,,,,,,,,,,,
,,,,,,,,,,,,,,,,,,,,,
,,,,,,,,,,,,,,,,,,,,,
,,,,,,,,,,,,,,,,,,,,,
,,,,,,,,,,,,,,,,,,,,,
,,,,,,,,,,,,,,,,,,,,,
,,,,,,,,,,,,,,,,,,,,,
,,,,,,,,,,,,,,,,,,,,,
,,,,,,,,,,,,,,,,,,,,,
,,,,,,,,,,,,,,,,,,,,,
,,,,,,,,,,,,,,,,,,,,,
,,,,,,,,,,,,,,,,,,,,,
,,,,,,,,,,,,,,,,,,,,,
,,,,,,,,,,,,,,,,,,,,,
,,,,,,,,,,,,,,,,,,,,,
,,,,,,,,,,,,,,,,,,,,,
,,,,,,,,,,,,,,,,,,,,,
,,,,,,,,,,,,,,,,,,,,,
,,,,,,,,,,,,,,,,,,,,,
,,,,,,,,,,,,,,,,,,,,,
,,,,,,,,,,,,,,,,,,,,,
,,,,,,,,,,,,,,,,,,,,,
,,,,,,,,,,,,,,,,,,,,,
,,,,,,,,,,,,,,,,,,,,,
,,,,,,,,,,,,,,,,,,,,,
,,,,,,,,,,,,,,,,,,,,,
,,,,,,,,,,,,,,,,,,,,,
,,,,,,,,,,,,,,,,,,,,,
,,,,,,,,,,,,,,,,,,,,,
,,,,,,,,,,,,,,,,,,,,,
,,,,,,,,,,,,,,,,,,,,,
,,,,,,,,,,,,,,,,,,,,,
,,,,,,,,,,,,,,,,,,,,,
,,,,,,,,,,,,,,,,,,,,,
,,,,,,,,,,,,,,,,,,,,,
,,,,,,,,,,,,,,,,,,,,,
,,,,,,,,,,,,,,,,,,,,,
,,,,,,,,,,,,,,,,,,,,,
,,,,,,,,,,,,,,,,,,,,,
,,,,,,,,,,,,,,,,,,,,,
,,,,,,,,,,,,,,,,,,,,,
,,,,,,,,,,,,,,,,,,,,,
,,,,,,,,,,,,,,,,,,,,,
,,,,,,,,,,,,,,,,,,,,,
,,,,,,,,,,,,,,,,,,,,,
,,,,,,,,,,,,,,,,,,,,,
,,,,,,,,,,,,,,,,,,,,,
,,,,,,,,,,,,,,,,,,,,,
,,,,,,,,,,,,,,,,,,,,,
,,,,,,,,,,,,,,,,,,,,,
,,,,,,,,,,,,,,,,,,,,,
,,,,,,,,,,,,,,,,,,,,,
,,,,,,,,,,,,,,,,,,,,,
,,,,,,,,,,,,,,,,,,,,,
,,,,,,,,,,,,,,,,,,,,,
,,,,,,,,,,,,,,,,,,,,,
,,,,,,,,,,,,,,,,,,,,,
,,,,,,,,,,,,,,,,,,,,,
,,,,,,,,,,,,,,,,,,,,,
,,,,,,,,,,,,,,,,,,,,,
,,,,,,,,,,,,,,,,,,,,,
,,,,,,,,,,,,,,,,,,,,,
,,,,,,,,,,,,,,,,,,,,,
,,,,,,,,,,,,,,,,,,,,,
,,,,,,,,,,,,,,,,,,,,,
,,,,,,,,,,,,,,,,,,,,,
,,,,,,,,,,,,,,,,,,,,,
,,,,,,,,,,,,,,,,,,,,,
,,,,,,,,,,,,,,,,,,,,,
,,,,,,,,,,,,,,,,,,,,,
,,,,,,,,,,,,,,,,,,,,,
,,,,,,,,,,,,,,,,,,,,,
,,,,,,,,,,,,,,,,,,,,,
,,,,,,,,,,,,,,,,,,,,,
,,,,,,,,,,,,,,,,,,,,,
,,,,,,,,,,,,,,,,,,,,,
,,,,,,,,,,,,,,,,,,,,,
,,,,,,,,,,,,,,,,,,,,,
,,,,,,,,,,,,,,,,,,,,,
,,,,,,,,,,,,,,,,,,,,,
,,,,,,,,,,,,,,,,,,,,,
,,,,,,,,,,,,,,,,,,,,,
,,,,,,,,,,,,,,,,,,,,,
,,,,,,,,,,,,,,,,,,,,,
,,,,,,,,,,,,,,,,,,,,,
,,,,,,,,,,,,,,,,,,,,,
,,,,,,,,,,,,,,,,,,,,,
,,,,,,,,,,,,,,,,,,,,,
,,,,,,,,,,,,,,,,,,,,,
,,,,,,,,,,,,,,,,,,,,,
,,,,,,,,,,,,,,,,,,,,,
,,,,,,,,,,,,,,,,,,,,,
,,,,,,,,,,,,,,,,,,,,,
,,,,,,,,,,,,,,,,,,,,,
,,,,,,,,,,,,,,,,,,,,,
,,,,,,,,,,,,,,,,,,,,,
,,,,,,,,,,,,,,,,,,,,,
,,,,,,,,,,,,,,,,,,,,,
,,,,,,,,,,,,,,,,,,,,,
,,,,,,,,,,,,,,,,,,,,,
,,,,,,,,,,,,,,,,,,,,,
,,,,,,,,,,,,,,,,,,,,,
,,,,,,,,,,,,,,,,,,,,,
,,,,,,,,,,,,,,,,,,,,,
,,,,,,,,,,,,,,,,,,,,,
,,,,,,,,,,,,,,,,,,,,,
,,,,,,,,,,,,,,,,,,,,,
,,,,,,,,,,,,,,,,,,,,,
,,,,,,,,,,,,,,,,,,,,,
,,,,,,,,,,,,,,,,,,,,,
,,,,,,,,,,,,,,,,,,,,,
,,,,,,,,,,,,,,,,,,,,,
,,,,,,,,,,,,,,,,,,,,,
,,,,,,,,,,,,,,,,,,,,,
,,,,,,,,,,,,,,,,,,,,,
,,,,,,,,,,,,,,,,,,,,,
,,,,,,,,,,,,,,,,,,,,,
,,,,,,,,,,,,,,,,,,,,,
,,,,,,,,,,,,,,,,,,,,,
,,,,,,,,,,,,,,,,,,,,,
,,,,,,,,,,,,,,,,,,,,,
,,,,,,,,,,,,,,,,,,,,,
,,,,,,,,,,,,,,,,,,,,,
,,,,,,,,,,,,,,,,,,,,,
,,,,,,,,,,,,,,,,,,,,,
,,,,,,,,,,,,,,,,,,,,,
,,,,,,,,,,,,,,,,,,,,,
,,,,,,,,,,,,,,,,,,,,,
,,,,,,,,,,,,,,,,,,,,,
,,,,,,,,,,,,,,,,,,,,,
,,,,,,,,,,,,,,,,,,,,,
,,,,,,,,,,,,,,,,,,,,,
,,,,,,,,,,,,,,,,,,,,,
,,,,,,,,,,,,,,,,,,,,,
,,,,,,,,,,,,,,,,,,,,,
,,,,,,,,,,,,,,,,,,,,,
,,,,,,,,,,,,,,,,,,,,,
,,,,,,,,,,,,,,,,,,,,,
,,,,,,,,,,,,,,,,,,,,,
,,,,,,,,,,,,,,,,,,,,,
,,,,,,,,,,,,,,,,,,,,,
,,,,,,,,,,,,,,,,,,,,,
,,,,,,,,,,,,,,,,,,,,,
,,,,,,,,,,,,,,,,,,,,,
,,,,,,,,,,,,,,,,,,,,,
,,,,,,,,,,,,,,,,,,,,,
,,,,,,,,,,,,,,,,,,,,,
,,,,,,,,,,,,,,,,,,,,,
,,,,,,,,,,,,,,,,,,,,,
,,,,,,,,,,,,,,,,,,,,,
,,,,,,,,,,,,,,,,,,,,,
,,,,,,,,,,,,,,,,,,,,,
,,,,,,,,,,,,,,,,,,,,,
,,,,,,,,,,,,,,,,,,,,,
,,,,,,,,,,,,,,,,,,,,,
,,,,,,,,,,,,,,,,,,,,,
,,,,,,,,,,,,,,,,,,,,,
,,,,,,,,,,,,,,,,,,,,,
,,,,,,,,,,,,,,,,,,,,,
,,,,,,,,,,,,,,,,,,,,,
,,,,,,,,,,,,,,,,,,,,,
,,,,,,,,,,,,,,,,,,,,,
,,,,,,,,,,,,,,,,,,,,,
,,,,,,,,,,,,,,,,,,,,,
,,,,,,,,,,,,,,,,,,,,,
,,,,,,,,,,,,,,,,,,,,,
,,,,,,,,,,,,,,,,,,,,,
,,,,,,,,,,,,,,,,,,,,,
,,,,,,,,,,,,,,,,,,,,,
,,,,,,,,,,,,,,,,,,,,,
,,,,,,,,,,,,,,,,,,,,,
,,,,,,,,,,,,,,,,,,,,,
,,,,,,,,,,,,,,,,,,,,,
,,,,,,,,,,,,,,,,,,,,,
,,,,,,,,,,,,,,,,,,,,,
,,,,,,,,,,,,,,,,,,,,,
,,,,,,,,,,,,,,,,,,,,,
,,,,,,,,,,,,,,,,,,,,,
,,,,,,,,,,,,,,,,,,,,,
,,,,,,,,,,,,,,,,,,,,,
,,,,,,,,,,,,,,,,,,,,,
,,,,,,,,,,,,,,,,,,,,,
,,,,,,,,,,,,,,,,,,,,,
,,,,,,,,,,,,,,,,,,,,,
,,,,,,,,,,,,,,,,,,,,,
,,,,,,,,,,,,,,,,,,,,,
,,,,,,,,,,,,,,,,,,,,,
,,,,,,,,,,,,,,,,,,,,,
,,,,,,,,,,,,,,,,,,,,,
,,,,,,,,,,,,,,,,,,,,,
,,,,,,,,,,,,,,,,,,,,,
,,,,,,,,,,,,,,,,,,,,,
,,,,,,,,,,,,,,,,,,,,,
,,,,,,,,,,,,,,,,,,,,,
,,,,,,,,,,,,,,,,,,,,,
,,,,,,,,,,,,,,,,,,,,,
,,,,,,,,,,,,,,,,,,,,,
,,,,,,,,,,,,,,,,,,,,,
,,,,,,,,,,,,,,,,,,,,,
,,,,,,,,,,,,,,,,,,,,,
,,,,,,,,,,,,,,,,,,,,,
,,,,,,,,,,,,,,,,,,,,,
,,,,,,,,,,,,,,,,,,,,,
,,,,,,,,,,,,,,,,,,,,,
,,,,,,,,,,,,,,,,,,,,,
,,,,,,,,,,,,,,,,,,,,,
,,,,,,,,,,,,,,,,,,,,,
,,,,,,,,,,,,,,,,,,,,,
,,,,,,,,,,,,,,,,,,,,,
,,,,,,,,,,,,,,,,,,,,,
,,,,,,,,,,,,,,,,,,,,,
,,,,,,,,,,,,,,,,,,,,,
,,,,,,,,,,,,,,,,,,,,,
,,,,,,,,,,,,,,,,,,,,,
,,,,,,,,,,,,,,,,,,,,,
,,,,,,,,,,,,,,,,,,,,,
,,,,,,,,,,,,,,,,,,,,,
,,,,,,,,,,,,,,,,,,,,,
,,,,,,,,,,,,,,,,,,,,,
,,,,,,,,,,,,,,,,,,,,,
,,,,,,,,,,,,,,,,,,,,,
,,,,,,,,,,,,,,,,,,,,,
,,,,,,,,,,,,,,,,,,,,,
,,,,,,,,,,,,,,,,,,,,,
,,,,,,,,,,,,,,,,,,,,,
,,,,,,,,,,,,,,,,,,,,,
,,,,,,,,,,,,,,,,,,,,,
,,,,,,,,,,,,,,,,,,,,,
,,,,,,,,,,,,,,,,,,,,,
,,,,,,,,,,,,,,,,,,,,,
,,,,,,,,,,,,,,,,,,,,,
,,,,,,,,,,,,,,,,,,,,,
,,,,,,,,,,,,,,,,,,,,,
,,,,,,,,,,,,,,,,,,,,,
,,,,,,,,,,,,,,,,,,,,,
,,,,,,,,,,,,,,,,,,,,,
,,,,,,,,,,,,,,,,,,,,,
,,,,,,,,,,,,,,,,,,,,,
,,,,,,,,,,,,,,,,,,,,,
,,,,,,,,,,,,,,,,,,,,,
,,,,,,,,,,,,,,,,,,,,,
,,,,,,,,,,,,,,,,,,,,,
,,,,,,,,,,,,,,,,,,,,,
,,,,,,,,,,,,,,,,,,,,,
,,,,,,,,,,,,,,,,,,,,,
,,,,,,,,,,,,,,,,,,,,,
,,,,,,,,,,,,,,,,,,,,,
,,,,,,,,,,,,,,,,,,,,,
,,,,,,,,,,,,,,,,,,,,,
,,,,,,,,,,,,,,,,,,,,,
,,,,,,,,,,,,,,,,,,,,,
,,,,,,,,,,,,,,,,,,,,,
,,,,,,,,,,,,,,,,,,,,,
,,,,,,,,,,,,,,,,,,,,,
,,,,,,,,,,,,,,,,,,,,,
,,,,,,,,,,,,,,,,,,,,,
,,,,,,,,,,,,,,,,,,,,,
,,,,,,,,,,,,,,,,,,,,,
,,,,,,,,,,,,,,,,,,,,,
,,,,,,,,,,,,,,,,,,,,,
,,,,,,,,,,,,,,,,,,,,,
,,,,,,,,,,,,,,,,,,,,,
,,,,,,,,,,,,,,,,,,,,,
,,,,,,,,,,,,,,,,,,,,,
,,,,,,,,,,,,,,,,,,,,,
,,,,,,,,,,,,,,,,,,,,,
,,,,,,,,,,,,,,,,,,,,,
,,,,,,,,,,,,,,,,,,,,,
,,,,,,,,,,,,,,,,,,,,,
,,,,,,,,,,,,,,,,,,,,,
,,,,,,,,,,,,,,,,,,,,,
,,,,,,,,,,,,,,,,,,,,,
,,,,,,,,,,,,,,,,,,,,,
,,,,,,,,,,,,,,,,,,,,,
,,,,,,,,,,,,,,,,,,,,,
,,,,,,,,,,,,,,,,,,,,,
,,,,,,,,,,,,,,,,,,,,,
,,,,,,,,,,,,,,,,,,,,,
,,,,,,,,,,,,,,,,,,,,,
,,,,,,,,,,,,,,,,,,,,,
,,,,,,,,,,,,,,,,,,,,,
,,,,,,,,,,,,,,,,,,,,,
,,,,,,,,,,,,,,,,,,,,,
,,,,,,,,,,,,,,,,,,,,,
,,,,,,,,,,,,,,,,,,,,,
,,,,,,,,,,,,,,,,,,,,,
,,,,,,,,,,,,,,,,,,,,,
,,,,,,,,,,,,,,,,,,,,,
,,,,,,,,,,,,,,,,,,,,,
,,,,,,,,,,,,,,,,,,,,,
,,,,,,,,,,,,,,,,,,,,,
,,,,,,,,,,,,,,,,,,,,,
,,,,,,,,,,,,,,,,,,,,,
,,,,,,,,,,,,,,,,,,,,,
,,,,,,,,,,,,,,,,,,,,,
,,,,,,,,,,,,,,,,,,,,,
,,,,,,,,,,,,,,,,,,,,,
,,,,,,,,,,,,,,,,,,,,,
,,,,,,,,,,,,,,,,,,,,,
,,,,,,,,,,,,,,,,,,,,,
,,,,,,,,,,,,,,,,,,,,,
,,,,,,,,,,,,,,,,,,,,,
,,,,,,,,,,,,,,,,,,,,,
,,,,,,,,,,,,,,,,,,,,,
,,,,,,,,,,,,,,,,,,,,,
,,,,,,,,,,,,,,,,,,,,,
,,,,,,,,,,,,,,,,,,,,,
,,,,,,,,,,,,,,,,,,,,,
,,,,,,,,,,,,,,,,,,,,,
,,,,,,,,,,,,,,,,,,,,,
,,,,,,,,,,,,,,,,,,,,,
,,,,,,,,,,,,,,,,,,,,,
,,,,,,,,,,,,,,,,,,,,,
,,,,,,,,,,,,,,,,,,,,,
,,,,,,,,,,,,,,,,,,,,,
,,,,,,,,,,,,,,,,,,,,,
,,,,,,,,,,,,,,,,,,,,,
,,,,,,,,,,,,,,,,,,,,,
,,,,,,,,,,,,,,,,,,,,,
,,,,,,,,,,,,,,,,,,,,,
,,,,,,,,,,,,,,,,,,,,,
,,,,,,,,,,,,,,,,,,,,,
,,,,,,,,,,,,,,,,,,,,,
,,,,,,,,,,,,,,,,,,,,,
,,,,,,,,,,,,,,,,,,,,,
,,,,,,,,,,,,,,,,,,,,,
,,,,,,,,,,,,,,,,,,,,,
,,,,,,,,,,,,,,,,,,,,,
,,,,,,,,,,,,,,,,,,,,,
,,,,,,,,,,,,,,,,,,,,,
,,,,,,,,,,,,,,,,,,,,,
,,,,,,,,,,,,,,,,,,,,,
,,,,,,,,,,,,,,,,,,,,,
,,,,,,,,,,,,,,,,,,,,,
,,,,,,,,,,,,,,,,,,,,,
,,,,,,,,,,,,,,,,,,,,,
,,,,,,,,,,,,,,,,,,,,,
,,,,,,,,,,,,,,,,,,,,,
,,,,,,,,,,,,,,,,,,,,,
,,,,,,,,,,,,,,,,,,,,,
,,,,,,,,,,,,,,,,,,,,,
,,,,,,,,,,,,,,,,,,,,,
,,,,,,,,,,,,,,,,,,,,,
,,,,,,,,,,,,,,,,,,,,,
,,,,,,,,,,,,,,,,,,,,,
,,,,,,,,,,,,,,,,,,,,,
,,,,,,,,,,,,,,,,,,,,,
,,,,,,,,,,,,,,,,,,,,,
,,,,,,,,,,,,,,,,,,,,,
,,,,,,,,,,,,,,,,,,,,,
,,,,,,,,,,,,,,,,,,,,,
,,,,,,,,,,,,,,,,,,,,,
,,,,,,,,,,,,,,,,,,,,,
,,,,,,,,,,,,,,,,,,,,,
,,,,,,,,,,,,,,,,,,,,,
,,,,,,,,,,,,,,,,,,,,,
,,,,,,,,,,,,,,,,,,,,,
,,,,,,,,,,,,,,,,,,,,,
,,,,,,,,,,,,,,,,,,,,,
,,,,,,,,,,,,,,,,,,,,,
,,,,,,,,,,,,,,,,,,,,,
,,,,,,,,,,,,,,,,,,,,,
,,,,,,,,,,,,,,,,,,,,,
,,,,,,,,,,,,,,,,,,,,,
,,,,,,,,,,,,,,,,,,,,,
,,,,,,,,,,,,,,,,,,,,,
,,,,,,,,,,,,,,,,,,,,,
,,,,,,,,,,,,,,,,,,,,,
,,,,,,,,,,,,,,,,,,,,,
,,,,,,,,,,,,,,,,,,,,,
,,,,,,,,,,,,,,,,,,,,,
,,,,,,,,,,,,,,,,,,,,,
,,,,,,,,,,,,,,,,,,,,,
,,,,,,,,,,,,,,,,,,,,,
,,,,,,,,,,,,,,,,,,,,,
,,,,,,,,,,,,,,,,,,,,,
,,,,,,,,,,,,,,,,,,,,,
,,,,,,,,,,,,,,,,,,,,,
,,,,,,,,,,,,,,,,,,,,,
,,,,,,,,,,,,,,,,,,,,,
,,,,,,,,,,,,,,,,,,,,,
,,,,,,,,,,,,,,,,,,,,,
,,,,,,,,,,,,,,,,,,,,,
,,,,,,,,,,,,,,,,,,,,,
,,,,,,,,,,,,,,,,,,,,,
,,,,,,,,,,,,,,,,,,,,,
,,,,,,,,,,,,,,,,,,,,,
,,,,,,,,,,,,,,,,,,,,,
,,,,,,,,,,,,,,,,,,,,,
,,,,,,,,,,,,,,,,,,,,,
,,,,,,,,,,,,,,,,,,,,,
,,,,,,,,,,,,,,,,,,,,,
,,,,,,,,,,,,,,,,,,,,,
,,,,,,,,,,,,,,,,,,,,,
,,,,,,,,,,,,,,,,,,,,,
,,,,,,,,,,,,,,,,,,,,,
,,,,,,,,,,,,,,,,,,,,,
,,,,,,,,,,,,,,,,,,,,,
,,,,,,,,,,,,,,,,,,,,,
,,,,,,,,,,,,,,,,,,,,,
,,,,,,,,,,,,,,,,,,,,,
,,,,,,,,,,,,,,,,,,,,,
,,,,,,,,,,,,,,,,,,,,,
,,,,,,,,,,,,,,,,,,,,,
,,,,,,,,,,,,,,,,,,,,,
,,,,,,,,,,,,,,,,,,,,,
,,,,,,,,,,,,,,,,,,,,,
,,,,,,,,,,,,,,,,,,,,,
,,,,,,,,,,,,,,,,,,,,,
,,,,,,,,,,,,,,,,,,,,,
,,,,,,,,,,,,,,,,,,,,,
,,,,,,,,,,,,,,,,,,,,,
,,,,,,,,,,,,,,,,,,,,,
,,,,,,,,,,,,,,,,,,,,,
,,,,,,,,,,,,,,,,,,,,,
,,,,,,,,,,,,,,,,,,,,,
,,,,,,,,,,,,,,,,,,,,,
,,,,,,,,,,,,,,,,,,,,,
,,,,,,,,,,,,,,,,,,,,,
,,,,,,,,,,,,,,,,,,,,,
,,,,,,,,,,,,,,,,,,,,,
,,,,,,,,,,,,,,,,,,,,,
,,,,,,,,,,,,,,,,,,,,,
,,,,,,,,,,,,,,,,,,,,,
,,,,,,,,,,,,,,,,,,,,,
,,,,,,,,,,,,,,,,,,,,,
,,,,,,,,,,,,,,,,,,,,,
,,,,,,,,,,,,,,,,,,,,,
,,,,,,,,,,,,,,,,,,,,,
,,,,,,,,,,,,,,,,,,,,,
,,,,,,,,,,,,,,,,,,,,,
,,,,,,,,,,,,,,,,,,,,,
,,,,,,,,,,,,,,,,,,,,,
,,,,,,,,,,,,,,,,,,,,,
,,,,,,,,,,,,,,,,,,,,,
,,,,,,,,,,,,,,,,,,,,,
,,,,,,,,,,,,,,,,,,,,,
,,,,,,,,,,,,,,,,,,,,,
,,,,,,,,,,,,,,,,,,,,,
,,,,,,,,,,,,,,,,,,,,,
,,,,,,,,,,,,,,,,,,,,,
,,,,,,,,,,,,,,,,,,,,,
,,,,,,,,,,,,,,,,,,,,,
,,,,,,,,,,,,,,,,,,,,,
,,,,,,,,,,,,,,,,,,,,,
,,,,,,,,,,,,,,,,,,,,,
,,,,,,,,,,,,,,,,,,,,,
,,,,,,,,,,,,,,,,,,,,,
,,,,,,,,,,,,,,,,,,,,,
,,,,,,,,,,,,,,,,,,,,,
,,,,,,,,,,,,,,,,,,,,,
,,,,,,,,,,,,,,,,,,,,,
,,,,,,,,,,,,,,,,,,,,,
,,,,,,,,,,,,,,,,,,,,,
,,,,,,,,,,,,,,,,,,,,,
,,,,,,,,,,,,,,,,,,,,,
,,,,,,,,,,,,,,,,,,,,,
,,,,,,,,,,,,,,,,,,,,,
,,,,,,,,,,,,,,,,,,,,,
,,,,,,,,,,,,,,,,,,,,,
,,,,,,,,,,,,,,,,,,,,,
,,,,,,,,,,,,,,,,,,,,,
,,,,,,,,,,,,,,,,,,,,,
,,,,,,,,,,,,,,,,,,,,,
,,,,,,,,,,,,,,,,,,,,,
,,,,,,,,,,,,,,,,,,,,,
,,,,,,,,,,,,,,,,,,,,,
,,,,,,,,,,,,,,,,,,,,,
,,,,,,,,,,,,,,,,,,,,,
,,,,,,,,,,,,,,,,,,,,,
,,,,,,,,,,,,,,,,,,,,,
,,,,,,,,,,,,,,,,,,,,,
,,,,,,,,,,,,,,,,,,,,,
,,,,,,,,,,,,,,,,,,,,,
,,,,,,,,,,,,,,,,,,,,,
,,,,,,,,,,,,,,,,,,,,,
,,,,,,,,,,,,,,,,,,,,,
,,,,,,,,,,,,,,,,,,,,,
,,,,,,,,,,,,,,,,,,,,,
,,,,,,,,,,,,,,,,,,,,,
,,,,,,,,,,,,,,,,,,,,,
,,,,,,,,,,,,,,,,,,,,,
,,,,,,,,,,,,,,,,,,,,,
,,,,,,,,,,,,,,,,,,,,,
,,,,,,,,,,,,,,,,,,,,,
,,,,,,,,,,,,,,,,,,,,,
,,,,,,,,,,,,,,,,,,,,,
,,,,,,,,,,,,,,,,,,,,,
,,,,,,,,,,,,,,,,,,,,,
,,,,,,,,,,,,,,,,,,,,,
,,,,,,,,,,,,,,,,,,,,,
,,,,,,,,,,,,,,,,,,,,,
,,,,,,,,,,,,,,,,,,,,,
,,,,,,,,,,,,,,,,,,,,,
,,,,,,,,,,,,,,,,,,,,,
,,,,,,,,,,,,,,,,,,,,,
,,,,,,,,,,,,,,,,,,,,,
,,,,,,,,,,,,,,,,,,,,,
,,,,,,,,,,,,,,,,,,,,,
,,,,,,,,,,,,,,,,,,,,,
,,,,,,,,,,,,,,,,,,,,,
,,,,,,,,,,,,,,,,,,,,,
,,,,,,,,,,,,,,,,,,,,,
,,,,,,,,,,,,,,,,,,,,,
,,,,,,,,,,,,,,,,,,,,,
,,,,,,,,,,,,,,,,,,,,,
,,,,,,,,,,,,,,,,,,,,,
,,,,,,,,,,,,,,,,,,,,,
,,,,,,,,,,,,,,,,,,,,,
,,,,,,,,,,,,,,,,,,,,,
,,,,,,,,,,,,,,,,,,,,,
,,,,,,,,,,,,,,,,,,,,,
,,,,,,,,,,,,,,,,,,,,,
,,,,,,,,,,,,,,,,,,,,,
,,,,,,,,,,,,,,,,,,,,,
,,,,,,,,,,,,,,,,,,,,,
,,,,,,,,,,,,,,,,,,,,,
,,,,,,,,,,,,,,,,,,,,,
,,,,,,,,,,,,,,,,,,,,,
,,,,,,,,,,,,,,,,,,,,,
,,,,,,,,,,,,,,,,,,,,,
,,,,,,,,,,,,,,,,,,,,,
,,,,,,,,,,,,,,,,,,,,,
,,,,,,,,,,,,,,,,,,,,,
,,,,,,,,,,,,,,,,,,,,,
,,,,,,,,,,,,,,,,,,,,,
,,,,,,,,,,,,,,,,,,,,,
,,,,,,,,,,,,,,,,,,,,,
,,,,,,,,,,,,,,,,,,,,,
,,,,,,,,,,,,,,,,,,,,,
,,,,,,,,,,,,,,,,,,,,,
,,,,,,,,,,,,,,,,,,,,,
,,,,,,,,,,,,,,,,,,,,,
,,,,,,,,,,,,,,,,,,,,,
,,,,,,,,,,,,,,,,,,,,,
,,,,,,,,,,,,,,,,,,,,,
